{"cameraMode":{"drawMode":0,"name":"Shaded","section":"Shading Mode"},"sceneLighting":true,"audioPlay":false,"sceneViewState":{"m_AlwaysRefresh":false,"showFog":true,"showSkybox":true,"showFlares":true,"showImageEffects":true,"showParticleSystems":true,"showVisualEffectGraphs":true,"m_FxEnabled":true},"in2DMode":false,"pivot":{"x":-0.9009228944778442,"y":-5.644979476928711,"z":-35.58241653442383},"rotation":{"x":0.0021907289046794178,"y":-0.9915622472763062,"z":0.1286359578371048,"w":0.016948925331234933},"size":15.023000717163086,"orthographic":false}